{"f1_score": 0.746031746031746, "roc_auc_score": 0.7814319160264164}